price,pv,load,lambda,t
61.539173,0.34033272,50.136982,2.97099,7.6904106
54.79148,0.4370573,41.354584,1.1156635,20.549614
51.394398,0.29116258,41.697792,2.342091,13.187987
51.977272,0.2561117,24.865093,2.581708,4.2333117
57.571236,0.288344,42.50107,3.4260516,2.9293056
42.576576,0.31880033,42.585514,-0.49583048,8.655141
66.7058,0.27577516,57.799175,0.22633016,20.718712
65.548355,0.40369287,38.047127,4.9420676,4.0572495
37.579308,0.17950678,50.29759,6.1988535,17.809158
53.110203,0.432041,23.05701,2.7960036,11.98132
50.753643,0.35018134,33.738544,-1.1915097,23.539436
54.275978,0.38198516,27.974424,5.1905675,16.626781
29.482452,0.20395409,34.53304,-0.038765073,0.47245994
52.120613,0.28578788,33.34142,-0.11189103,12.337984
41.101044,0.493849,22.10901,1.999923,25.248604
52.606266,0.26034096,40.071587,3.2908468,14.929941
54.09863,0.37760425,11.208625,0.7092918,23.505972
52.577797,0.424128,40.117188,0.5522816,30.356565
59.637558,0.3605512,24.36911,2.3476467,19.314728
52.81576,0.39643055,38.353733,-2.761488,33.47674
51.816174,0.33042395,18.655235,0.007535666,14.982486
56.547394,0.3222404,45.699738,2.086447,22.973648
61.759083,0.28852534,27.363667,-0.5057046,43.741512
45.583687,0.4106145,17.561132,2.781372,46.705833
59.07491,0.30187815,31.926533,0.6966747,24.85704
51.049675,0.29405776,26.834772,-0.987449,36.161533
44.384605,0.3367278,45.0412,2.9813733,31.786106
52.001335,0.30920163,41.042984,0.6466954,27.14152
69.96497,0.39294362,26.968899,0.7965991,28.663696
76.58488,0.24042718,26.722136,2.6573887,40.10446
65.55828,0.15867047,44.117886,5.2678976,38.718727
74.54852,0.25614867,44.895832,4.072879,43.03624
53.449364,0.19591026,49.37523,8.796379,43.34393
44.62973,0.27808407,39.40139,3.9786897,45.542873
74.01552,0.2609945,35.79439,2.2134652,41.14811
66.360596,0.24320579,46.644344,5.704175,33.468773
61.965443,0.28365308,53.858444,2.170238,37.385338
61.096905,0.3932497,42.028873,4.4638376,39.53444
59.04731,0.3081171,22.050503,3.4827268,32.46977
74.353455,0.3309586,41.246464,4.5943317,39.499832
73.04599,0.37217957,48.66345,3.447627,38.840378
71.71025,0.5277876,30.36818,3.1168618,48.381924
61.717987,0.43098623,33.93002,1.5246642,42.799324
52.575844,0.5092411,43.404194,3.0951364,47.14995
52.417572,0.5044973,47.020294,3.823911,46.525475
46.62761,0.49150044,29.103254,4.698437,56.085808
68.27282,0.49656498,38.703346,1.1833558,32.55376
51.85539,0.5658805,55.19104,3.3639085,44.169952
55.597137,0.4643344,53.84647,3.8195138,46.1947
60.589024,0.5495497,58.35794,2.5522878,30.45525
59.89707,0.47927102,48.199036,3.3061078,44.00587
58.07683,0.625593,53.097504,4.839026,54.631435
62.179688,0.58950216,67.93588,3.2708666,47.422276
49.751938,0.50899357,56.700573,4.5422716,51.33495
77.93787,0.47403935,54.07495,0.9901093,61.412674
50.977158,0.48154676,61.848003,1.9380516,58.784466
56.719048,0.6361527,62.482994,5.3016596,43.192596
59.541992,0.43383324,50.691105,2.6047344,56.562702
64.71227,0.49473822,33.729866,1.4576273,63.522564
65.696754,0.5198704,55.90169,1.5426265,66.936615
70.35321,0.53238755,41.367886,0.26947215,62.088566
59.350334,0.58939886,62.161053,1.251213,64.03141
64.535736,0.50357455,64.53465,4.4887304,49.453957
47.62625,0.49254832,65.58659,6.6892323,62.245026
61.56233,0.42039877,48.94255,5.1331124,72.45868
81.07304,0.44499934,60.56128,1.943125,69.776794
34.97749,0.4414911,73.02527,6.5692463,57.677887
52.792103,0.5613176,57.189617,6.4998617,68.57396
59.738865,0.33796012,43.545616,4.745732,64.32521
51.39669,0.3591578,75.88428,1.7422163,59.96311
42.99399,0.38034904,64.30986,5.1746187,60.936916
31.671059,0.40191874,75.86005,5.29118,71.78642
54.804234,0.30672675,55.7203,5.5888886,63.839382
59.35507,0.32709527,67.28828,3.845527,71.426216
52.00191,0.43948743,78.09546,2.4087622,58.63135
53.74327,0.4172151,64.70548,4.1122885,71.2604
60.95574,0.30411115,74.813896,3.8303661,70.37863
49.655304,0.25338423,83.05901,3.7364097,70.137985
84.3149,0.32229495,64.25683,4.328018,69.120415
57.14696,0.28256124,79.355354,2.7425137,77.26473
64.45761,0.3246465,65.52912,2.9976,79.863716
69.990944,0.328719,66.280594,2.763392,60.082817
50.570415,0.2678368,56.577984,3.4867773,85.51977
52.490913,0.21010576,48.3861,2.8405027,79.83317
82.40539,0.21255124,60.929855,1.9604342,76.138885
41.37356,0.28778222,41.569885,3.89426,87.68073
62.526985,0.16333252,51.115337,2.8128316,91.50435
55.311924,0.21186759,54.016777,0.7800892,81.99782
74.914986,0.11639591,24.47608,2.6377554,82.11575
42.924366,0.2096816,48.689312,4.401402,90.50501
51.629025,0.19288117,46.436943,-1.3435972,70.74816
45.747303,0.29100457,45.453182,-0.6546226,71.3493
51.35269,0.20025131,43.297188,2.1514919,80.99863
61.68965,0.06852519,42.14057,-0.72123617,80.60532
34.988476,0.33141157,44.662148,1.3889163,83.955635
49.444664,0.13461219,33.45698,-1.0315901,89.3003
46.270622,0.22276008,49.812473,1.8307829,7.3475666
56.354538,0.46423376,72.235405,3.3610435,2.7689452
24.775824,0.20446241,47.246002,6.182966,3.755787
40.951115,0.18505225,39.203224,-0.28405577,10.646067
25.478855,0.2736723,41.044624,0.99176735,14.584037
30.635906,0.24771458,45.09837,2.4144218,7.834755
26.814775,0.23539858,66.67042,0.9607163,8.060573
37.530464,0.2079447,37.821186,2.0101385,10.614002
46.86714,0.18933071,46.29602,0.741042,11.9005575
34.25462,0.25309578,30.271856,2.4320457,8.724996
28.612318,0.28708804,35.63125,1.7237641,12.539872
24.683327,0.24981761,35.541706,3.4970453,15.801414
61.51608,0.2345717,40.85891,3.0443757,21.492208
42.35818,0.21382204,17.446014,3.0980878,25.704174
44.058174,0.31907976,17.677183,4.002615,11.353772
59.112267,0.24525853,30.850557,1.7489746,24.700764
77.02995,0.4148509,37.129528,5.565179,12.0563965
62.121433,0.11712736,30.340595,0.5828628,32.318382
48.860798,0.16772303,24.945597,2.2889261,27.964481
38.03695,0.24516298,61.08311,3.6139603,28.835203
68.09193,0.08966594,34.40732,2.2206817,29.380766
60.45105,0.23110074,38.56579,2.8327498,23.8327
7.6275544,0.05323232,37.173264,3.5198393,27.317879
51.770008,0.06836557,32.205246,1.4856063,35.55795
24.081144,0.1791874,33.122902,2.009767,24.873514
43.71523,0.2664338,26.090837,1.3111844,31.488821
39.35567,0.17260106,62.96499,1.6158874,38.957413
46.249805,0.2580986,27.326233,1.0746812,33.050697
69.3959,0.17753832,45.234528,3.3495815,22.765709
33.997166,0.22219771,54.313416,5.1108556,37.840324
63.10515,0.38151425,34.213684,4.160389,22.520765
64.19649,0.31429067,45.7887,2.3978825,43.013794
58.266014,0.4108042,47.353638,2.9607542,31.185312
51.43686,0.28929764,62.83825,1.5827689,48.26601
47.44864,0.3049857,44.408867,4.1848693,29.27861
40.716312,0.4558727,65.62431,5.191706,35.103386
48.25464,0.4158889,42.594933,7.564695,41.416058
47.78693,0.51582795,52.711292,2.2481332,34.074757
58.159603,0.37195298,73.59761,5.8721557,34.811337
42.92632,0.48930958,47.29507,4.4533367,47.673893
66.872444,0.43950644,54.1133,3.560958,33.058243
38.70227,0.53691137,44.20633,3.0834117,49.124672
39.812553,0.46711385,49.307987,2.2974958,33.857872
27.147148,0.35052064,39.738956,3.8466544,41.364815
35.07453,0.5270437,63.20815,3.0667863,42.393425
49.80611,0.44811234,54.420883,2.1875927,54.807392
56.83454,0.61966586,41.435543,2.6366737,26.40298
43.43234,0.36059913,35.50609,4.098546,44.25353
39.665314,0.33939865,52.85876,5.6156106,44.863617
47.786316,0.4533158,61.46846,4.7736516,50.418964
46.28554,0.41065186,31.388727,3.509726,42.095776
29.81823,0.37410888,62.024662,4.2870893,42.46788
42.381046,0.34462017,34.034275,5.2396364,55.594574
56.765137,0.37227312,48.386826,1.8506272,46.490154
41.384243,0.3070884,51.25797,3.0670896,56.332813
57.835884,0.3998701,49.29235,2.1005044,47.253555
36.60424,0.2528173,59.226162,1.0302316,66.365395
45.034702,0.49619347,73.249626,4.5135427,53.066303
28.12252,0.54860836,65.46062,3.0265102,55.606815
65.959724,0.41294107,54.413795,3.955974,73.56838
56.99434,0.50404966,64.77359,4.643281,51.22278
27.515793,0.4734951,72.052536,5.042377,57.157394
56.394924,0.4845849,66.94479,2.6023784,62.638332
41.528004,0.49302226,66.0431,7.6502805,67.822174
44.971024,0.40625337,64.52832,2.3415747,67.02164
33.635555,0.4226294,42.558506,2.5617063,66.5297
47.640564,0.41331705,63.468853,3.8985744,52.381393
36.18927,0.5100304,44.795284,3.401488,74.33337
43.580936,0.3825494,50.594902,2.514216,58.466473
21.01825,0.28472164,54.679768,1.0453016,59.286808
46.369545,0.4398568,70.82905,5.9059863,63.12048
44.35491,0.39215925,43.609467,-1.4537072,47.966255
51.586105,0.33312386,48.613,6.1425076,73.4861
52.181362,0.3189108,47.912365,3.500343,74.955864
34.112427,0.27436858,63.21775,3.9394722,52.907505
48.720345,0.34136307,60.953197,5.2659087,61.666374
40.739815,0.3381502,52.22453,1.4724572,70.42436
34.2537,0.15311338,26.72186,3.173561,84.21943
40.627697,0.3428175,34.18003,1.0675724,60.633144
48.602734,0.09400013,53.66097,2.6882877,68.97046
51.166306,0.2871798,64.227356,2.944175,79.9752
64.50073,0.23623705,70.28206,3.1447961,75.862434
63.812016,0.28775442,62.458485,0.67356575,76.73931
52.077126,0.3504654,81.30311,6.1910996,68.82732
43.787727,0.49041107,58.292774,-0.96526265,60.65979
14.173102,0.32075524,51.822906,4.2529407,65.25572
45.236378,0.38668448,69.294426,0.83907676,83.44489
50.11599,0.21046783,45.9195,0.21371216,67.27739
35.806496,0.24109365,48.43161,6.470467,74.76457
25.881899,0.34450614,45.762997,0.7574053,82.57636
56.50143,0.30281106,39.828182,3.2739706,82.15819
32.397854,0.24398236,68.24599,5.0873666,60.125465
40.721554,0.32620084,37.68251,1.1991937,80.964935
50.568577,0.33790368,44.11695,1.9469807,79.26274
42.951584,0.15249386,36.30898,1.179096,91.84585
51.779762,0.1858697,11.505556,2.906057,83.101006
73.834274,0.11766591,54.720013,0.5459552,13.831957
42.793137,0.34506413,35.133644,0.9608862,15.326318
62.478245,0.21828471,27.054306,4.876112,8.618907
58.355854,0.21205631,38.47818,2.28591,8.941029
47.806908,0.2038031,52.20297,0.7758182,11.172735
45.821693,0.112241216,44.338062,2.1831229,12.010389
48.69774,0.26979458,33.09637,0.82291067,13.365024
41.12693,0.18725662,39.36775,0.47576755,6.7480445
49.602337,0.24526563,34.727676,2.5685804,15.252233
62.38832,0.09264482,41.058815,3.1613312,32.087894
41.160774,0.20095155,36.61265,-0.004658997,25.653214
38.419907,0.2741781,19.349035,-0.5631557,11.553359
47.259277,0.13837035,14.8116665,2.6973689,19.153648
46.13754,0.18884817,22.191154,0.77880174,20.000345
29.710316,0.18212625,16.132692,2.9966261,27.195454
41.357315,0.23199534,26.73762,1.598733,20.759926
45.836807,0.2590335,31.455011,1.2383813,13.765106
38.06845,0.27802804,19.082737,3.0894341,19.453857
41.832,0.34252486,44.886204,0.6848748,39.732742
35.47996,0.2075849,49.137787,0.3397894,30.087187
30.445461,0.33037877,31.934767,-1.023615,23.233421
57.537346,0.3640961,47.077812,3.3460834,19.459248
49.21701,0.30807856,44.279037,1.4649761,26.908073
33.328297,0.30510628,30.644209,1.071682,31.183857
46.126774,0.060035996,52.146294,1.0725425,30.992167
43.055832,0.2272026,34.71084,1.1682916,23.93113
52.248318,0.28876695,54.4655,0.3687045,17.191294
52.170795,0.17724738,26.754404,0.63408494,32.762665
35.725315,0.14900331,28.15937,4.920146,36.312595
54.715427,0.2307762,33.42216,0.8604915,29.070072
67.00894,0.23687683,27.912985,1.0577416,34.86987
71.90849,0.2268511,50.628086,4.052427,43.106953
48.127987,0.1888289,25.533407,6.08846,30.679327
62.344643,0.1601668,39.255764,2.9553115,37.64661
81.86968,0.26581192,30.76852,2.0337434,24.667948
63.678978,0.17977299,40.80655,2.646314,27.780876
64.14134,0.31220964,48.117756,3.9709313,47.172993
64.04876,0.16580336,25.887625,3.2059255,37.635784
97.08452,0.24535756,30.404451,1.1748607,38.56129
57.420498,0.18315327,34.080074,3.5570297,43.02717
56.958843,0.2784632,21.753878,1.4969015,41.71981
32.844288,0.21216446,7.884539,5.5856514,47.808403
84.833305,0.31976095,10.185689,2.2754154,35.93692
37.374413,0.2889327,25.085619,2.2352667,50.645473
64.7223,0.27303764,38.620674,3.7155707,55.29317
60.358116,0.25084242,31.025162,1.1635418,40.09556
62.155373,0.38952085,14.163134,2.0254214,50.522984
40.12097,0.37588975,27.822617,3.1552382,49.455254
50.657017,0.5188804,22.408289,3.625708,52.631382
56.654713,0.512989,40.072575,4.1015,49.472908
16.034092,0.24182689,36.237,5.258126,57.09879
54.5441,0.41111672,30.474306,4.4229846,53.21183
43.697845,0.42304754,30.436626,4.4678497,51.120247
49.638096,0.4452253,29.696781,2.8825088,50.320553
69.24474,0.26116422,21.598635,7.3437395,69.4422
62.06763,0.36372632,37.120777,1.6625994,50.414085
47.175247,0.3490239,23.160414,2.7321231,59.210415
38.27184,0.4945088,26.787836,7.2703924,58.584953
41.459064,0.3977341,18.178427,2.1702101,58.47602
46.16111,0.35162294,28.432402,3.3940413,60.097008
51.37702,0.36115158,30.169487,4.6232495,71.33312
53.444008,0.42651677,28.466425,3.8610659,65.50004
64.53381,0.3687659,43.336884,2.7097244,53.1542
76.21781,0.60024375,38.076595,1.1779485,69.702774
63.412636,0.3960363,40.733395,-0.5957231,59.404613
44.884285,0.4087373,51.521687,3.0012078,61.881332
52.31917,0.52279556,51.789196,2.149068,62.676476
39.72965,0.5727446,36.8523,3.8352675,56.521366
51.779205,0.41394994,54.183834,5.8485446,64.74307
50.8913,0.597701,61.372772,7.555012,65.64999
87.7938,0.533205,61.42495,8.230838,64.110466
62.636875,0.5499808,56.831917,6.8597856,81.95809
82.861946,0.29637906,51.03324,5.594161,72.00876
64.4862,0.40465578,55.72026,8.075625,75.44733
51.550964,0.40384883,79.84729,4.448981,64.08226
75.35403,0.39796796,14.882415,7.1268206,62.234997
64.85017,0.41337648,36.822464,6.004118,82.9696
58.68424,0.19851704,27.102795,5.7684345,71.20705
50.742165,0.26890972,47.822765,5.1363945,78.63618
71.90112,0.41810614,55.616386,5.517484,74.76237
80.67655,0.4427686,37.131615,6.539481,73.45082
50.424904,0.28047627,44.688175,1.8931049,72.97261
58.500023,0.3299982,49.592033,4.2078104,75.32991
64.03561,0.26247016,42.168613,3.4478917,75.30971
50.43665,0.32181907,64.65547,3.4289668,84.45323
50.53771,0.32077986,48.637245,3.7262664,84.47367
63.885876,0.29065987,56.740295,1.1138008,78.059235
63.825447,0.30409867,64.324554,2.5277808,67.65126
49.51926,0.32283694,43.42939,5.7933803,94.045685
54.177013,0.2251069,36.03502,3.8517938,75.067955
53.302704,0.6533649,19.25237,3.880762,57.685383
49.493507,0.38120332,28.511513,3.4271712,74.33576
56.854134,0.21738215,29.556355,1.6678954,69.82959
57.551884,0.32462642,30.34331,0.72197247,84.88534
23.639246,0.3507745,46.63436,0.3877379,81.35269
48.308506,0.2837029,30.543926,3.9768367,91.49329
50.897408,0.21997826,35.445084,2.2062845,5.606137
48.2182,0.21974194,40.930393,1.1116617,7.9943423
53.024082,0.25917327,20.905128,1.1740968,9.772609
49.322758,0.17233108,17.479223,1.0925335,-1.0023823
45.275215,0.23309922,36.700203,-1.8963673,11.284688
50.286846,0.14745763,63.45443,-1.9212288,17.964302
47.14086,0.14397557,21.869696,-0.43193847,23.431984
65.13509,0.24062975,46.551064,2.5697727,26.858746
44.960804,0.22936827,42.074932,3.2828598,19.970066
47.35928,0.19475932,36.056786,0.05467862,21.96334
31.622282,0.18335596,42.914623,-0.23626953,19.4857
46.27686,0.013576009,42.325466,0.18878058,19.89498
51.860283,0.28165603,24.674685,-0.3080204,25.147184
54.60046,0.062125787,40.44753,4.473468,19.150497
14.682258,0.183847,17.59365,2.383367,26.795164
55.449276,0.2094316,38.14855,2.6129315,27.441912
61.006126,0.17382304,40.214893,2.4045238,26.434977
39.26908,0.027968831,61.7861,2.9187431,7.006889
36.419674,0.23939528,36.47259,1.780917,20.499153
41.423817,0.33335376,31.319866,4.927986,20.33528
47.967472,0.2641635,36.45471,-1.1406273,33.580296
37.629436,0.19379435,32.06225,1.4938183,29.220846
40.903976,0.19685438,47.826675,1.4470549,21.64927
43.983444,0.17114843,30.400251,3.166569,15.759771
41.002163,0.21777551,32.309635,1.3483487,25.850874
69.86615,0.080464445,24.431412,2.97472,35.429314
65.053474,0.23801048,24.744982,2.5558841,29.407305
59.714767,0.2059335,43.902897,0.18037498,37.572475
54.044632,0.19151975,29.572325,1.708492,30.437212
35.33181,0.23180674,36.69936,2.0891302,22.975464
51.233982,0.27506936,40.472267,1.5061901,34.20249
49.034843,0.22589746,34.152992,2.8337574,25.549875
51.29768,0.29808152,45.205452,-1.2174091,32.83815
44.15571,0.34048504,21.742807,3.3311627,26.18327
62.488293,0.33604637,40.839886,6.5754914,32.97581
64.65347,0.14428654,47.714993,1.5648879,33.71469
51.289017,0.40260527,21.497211,2.662287,28.679472
62.069595,0.31058124,41.164043,6.225251,36.98625
57.873352,0.2258846,50.030006,4.911318,45.737827
63.532402,0.20684017,53.929325,0.22123665,30.901697
47.676773,0.32946834,48.815754,4.802353,46.306602
52.069923,0.36020732,35.098732,3.764887,43.1882
50.456146,0.3374158,50.487606,5.5840287,46.02233
57.7647,0.26030344,46.54015,4.048631,48.604446
54.184166,0.39444232,51.55016,4.278762,55.463715
52.14351,0.43712193,44.10586,2.071053,48.517723
54.439575,0.30433968,39.489685,5.8177223,58.314804
55.342052,0.36857733,53.453938,2.2236917,53.11147
68.25459,0.45727953,56.459198,2.3638778,49.951923
48.194767,0.23698412,48.347935,4.1848226,46.59054
47.470947,0.3503172,56.820095,2.5242488,49.42262
62.34129,0.36759531,61.61864,1.1453189,50.694683
50.267036,0.48787275,51.091206,2.9331086,66.27086
72.699684,0.47643262,51.362625,5.9703245,57.614475
60.737263,0.31953472,51.822124,5.053172,51.670467
51.060246,0.47003537,54.41064,0.5500822,56.17497
67.271965,0.33776006,61.924923,2.2903173,58.0992
59.941887,0.5640736,76.23124,1.4141983,62.26842
53.39873,0.3213155,48.71533,4.1536517,55.71824
54.924316,0.44112885,64.72057,3.1104276,55.185627
44.370174,0.3473677,56.7165,2.4885197,55.192608
74.82963,0.35044333,71.822655,0.5312106,50.15045
63.50123,0.3215925,74.59747,4.162731,63.547573
21.696161,0.39860457,75.86036,1.8597932,64.73167
63.67799,0.24311341,58.01316,-1.1474794,49.457794
49.13904,0.40770152,73.46081,2.3184366,59.950314
54.644215,0.31781465,57.8435,1.6133827,69.46948
49.897266,0.29124412,62.11345,2.1197338,63.584797
47.78671,0.2704292,56.916,3.1130965,62.929543
83.15556,0.30203715,56.664413,5.1204743,65.47431
59.625957,0.34676275,60.956383,3.7777278,80.4829
73.03428,0.24717656,62.688927,2.9552293,69.47853
62.39868,0.31747583,53.60123,3.2640276,85.48074
69.817856,0.3850664,56.251884,5.7853317,83.757225
46.389496,0.27081975,57.33021,7.4813294,73.96339
54.83315,0.3212684,55.000793,3.4716144,67.87029
45.865868,0.34609884,59.271095,5.666366,62.525276
45.33613,0.1673348,62.57698,2.1826448,80.159515
61.821274,0.31771526,39.407955,4.5767646,76.70827
55.83623,0.3287703,73.98297,6.1643367,83.663376
45.120724,0.32060376,68.13821,4.617333,81.75054
62.083794,0.3624686,46.301308,4.8153124,76.1206
42.695274,0.34504795,80.79263,5.9172406,77.7407
52.10405,0.3383009,62.010056,3.00278,81.71768
50.35262,0.36665836,55.260918,0.38401544,68.36321
30.947155,0.33605883,49.517445,-0.026427805,78.53319
59.567192,0.25847816,61.67717,3.7960598,74.2747
65.14858,0.29967597,69.044075,0.4144451,56.838528
51.457294,0.2286102,59.536804,-0.65418005,86.558815
37.96691,0.25011018,63.894222,3.2497814,80.5333
52.93894,0.17017509,46.96507,2.595851,98.8937
52.457596,0.23074698,57.923454,-1.8757823,85.402405
58.088905,0.2758905,60.133198,0.44221893,70.5299
55.14686,0.15397458,52.891113,3.9546297,102.31517
36.56949,0.052621774,59.624607,2.1821575,91.458244
42.26127,0.25842196,64.54667,2.3311727,88.06799
44.318096,0.2058249,32.531693,2.1672714,1.6442087
81.81742,0.25208494,53.804813,2.124905,13.585267
37.603832,0.30822778,38.948906,3.5236282,21.460768
47.28273,0.22522113,41.098183,1.403448,15.401744
55.589985,0.31615657,39.669006,1.4055616,7.752771
49.78494,0.23367938,37.657013,0.5850148,5.679369
55.818726,0.26683247,44.158714,3.490768,9.470206
23.88563,0.34003446,49.727787,0.2929549,27.425394
49.53256,0.23879553,42.880642,0.012079328,11.924538
69.029205,0.27760974,42.140697,-0.45140415,13.742977
49.279144,0.2309686,51.495102,1.3020082,13.70674
34.762726,0.287654,38.77232,2.2967591,21.257145
51.673424,0.3015717,47.167145,1.1607859,10.274819
58.963314,0.27800727,41.500225,4.153679,18.195545
31.231987,0.22422357,36.67058,1.057637,16.138533
34.908665,0.20488085,42.331356,-0.33635527,19.304607
41.918915,0.20277447,29.640144,0.87054,12.446856
41.516254,0.2420526,27.486816,-0.11684418,22.131844
60.07841,0.2031299,27.287947,3.9772153,26.502506
56.384624,0.14128897,32.572372,2.1263638,14.200117
51.620533,0.13634394,23.612534,2.3932796,9.976166
54.806152,0.23303406,31.206633,5.3082194,16.816956
52.841408,0.23169883,7.016647,1.9292388,33.89202
36.513626,0.23072806,32.84234,4.418983,31.81976
59.96384,0.03370796,30.965818,-0.33886492,31.108093
48.633644,0.22363026,37.226425,-0.06580442,25.780716
54.019474,0.18512666,35.00444,1.1591529,29.218666
69.84197,0.1835418,15.960014,3.2401054,44.998093
54.89095,0.35747698,13.222351,1.6525595,39.781914
61.33189,0.10503708,15.559569,1.0727763,28.220545
58.880657,0.19938658,30.471195,2.6532073,30.146978
73.17426,0.34511492,34.551357,0.22262022,26.773546
54.400932,0.2606961,22.78516,-0.62352866,36.614063
67.33887,0.31028777,39.93848,2.6041272,28.087612
75.48916,0.215277,24.026222,2.8949502,30.51831
96.55808,0.26560086,48.169685,4.8208857,40.472057
83.23301,0.19462293,47.11681,4.6778555,38.633972
60.145687,0.32825124,55.80234,4.223661,44.015675
64.63674,0.1987436,77.34839,4.72293,49.17532
90.849075,0.14602023,75.85725,0.63809216,38.47199
26.63854,0.22905686,38.35951,3.9471545,52.405792
69.54437,0.1868262,53.503704,3.4188375,39.882504
55.5934,0.18398306,50.167835,2.9067328,46.84045
65.05584,0.31276947,58.64512,3.2555106,35.565426
71.17992,0.29597732,36.97765,3.1237154,34.07903
54.424297,0.40842637,45.351776,3.966878,52.091373
73.8019,0.26720837,54.454334,3.4614944,47.58986
68.928,0.36109075,47.584255,2.3752897,49.983047
69.72279,0.38421595,47.996006,2.5671153,47.455803
79.89409,0.3783525,60.266068,3.9652543,47.608494
58.853092,0.51641047,48.94556,2.0416868,47.02209
51.885742,0.514803,52.341854,5.615477,56.329163
62.32784,0.52014345,46.878796,3.6572196,61.98202
78.223724,0.51273453,50.444904,3.6679754,50.645504
68.10423,0.3289402,59.600483,1.7813181,56.434235
61.84524,0.55245656,48.75656,3.7218096,63.822224
67.04681,0.5623536,48.543133,2.6580534,57.42165
57.912483,0.61190367,63.04604,4.077291,66.50749
60.627304,0.7367678,78.00533,4.824703,65.32579
53.52764,0.5707524,65.240555,2.6323235,60.58523
41.862743,0.4943368,55.763783,3.299983,66.36132
44.336784,0.5640673,55.846874,5.5761204,63.921047
53.98394,0.51528144,63.2345,3.2353878,59.831173
55.707806,0.34933445,61.997234,1.0617328,63.90382
46.656136,0.4879187,58.110638,5.8951235,57.43743
54.51035,0.45899203,67.18045,5.007451,56.583733
44.008507,0.3815369,43.305412,3.74064,62.249397
51.553913,0.31173036,41.51469,4.4661646,59.433804
64.05054,0.1876625,64.97715,7.1132884,66.99007
56.265648,0.2430294,60.502823,1.8200428,68.336876
61.449615,0.2631451,51.316063,4.2071657,72.14093
64.02526,0.14676996,64.742294,6.092799,72.05087
54.40244,0.17874579,56.11655,6.763076,71.9252
57.490356,0.18930607,64.93689,7.7413917,75.09633
70.43312,0.2402278,70.59517,2.0120962,83.9071
53.993393,0.16820161,67.75575,7.117414,67.59943
66.76948,0.13341781,74.58487,3.7874775,80.599655
68.00993,0.16334167,68.2728,6.5691714,81.57205
55.395523,0.21944916,72.42203,6.0854154,93.08255
68.947815,0.056587204,70.56868,5.498232,79.18367
82.98026,0.14769456,55.97377,4.440696,58.923923
87.49041,0.12757957,67.63376,3.1816971,78.148346
62.96094,0.05547825,55.56136,3.013445,72.60901
65.3229,0.16564287,40.067787,3.244568,63.578636
72.131165,0.23735411,54.440063,0.818658,82.921165
66.97289,0.20317838,58.993095,1.6076844,76.28038
43.81743,0.1373758,51.22396,3.90749,78.7761
51.59731,0.25047264,57.672802,1.3525343,69.45478
53.47172,0.21721075,60.258137,-0.13361692,75.960846
45.780525,0.2432038,68.72678,2.292442,84.13726
61.95282,0.31333438,47.363976,1.0742605,86.722404
34.67299,0.117249385,55.12506,4.471019,70.775375
33.365826,0.24545507,63.4547,4.22122,80.07179
45.90849,0.14787708,52.1921,3.2202296,72.93502
51.852844,0.21552257,45.188988,-0.72695106,86.83986
50.326164,0.29328957,45.664886,2.329194,92.69968
51.187263,0.20796159,32.138985,1.5909407,20.508839
59.502518,0.15037593,38.439865,2.1894894,6.30326
40.46211,0.17011286,43.128117,2.78161,-10.350875
52.04656,0.07276784,23.099855,1.9985952,14.978836
10.620626,0.18716021,65.38747,2.7728953,10.986716
47.114574,0.20816557,50.391117,0.023636073,9.202746
57.418243,0.24397145,40.588375,2.8748872,5.3175106
50.55413,0.38352597,33.856014,5.6661167,21.865345
34.491787,0.2312502,41.818012,1.8422172,26.231796
32.42035,0.3296476,39.111702,-2.2204614,9.96065
49.883717,0.23266508,56.009853,0.9009826,7.8382115
43.678345,0.31769148,33.25289,0.10802016,19.48684
37.246155,0.28745675,36.687965,3.188151,1.6325413
46.39492,0.31544286,48.55157,1.5891923,13.701344
27.768238,0.25898388,42.585907,-1.1679938,22.761364
42.32521,0.2557377,29.282843,2.4380774,11.300823
51.04407,0.2670446,30.12819,1.6820168,18.235287
41.825672,0.20288563,33.717503,0.25204986,25.922916
47.786057,0.20020266,23.273453,-1.3364527,31.63765
57.05847,0.25863954,38.23019,1.3269871,19.793743
59.97551,0.16786252,47.45553,-1.3294458,36.19988
45.611973,0.20888548,26.560059,2.268666,22.537476
37.330067,0.2921786,35.832832,0.7039149,22.67033
39.286827,0.14787938,54.81795,-0.046039224,34.223904
62.35121,0.3695604,28.409851,-2.8741953,21.797401
43.881607,0.33741623,37.54781,-0.36965936,29.772821
44.084846,0.37921506,62.93619,-0.14493585,18.715792
51.184597,0.22242315,51.15262,2.476547,24.649498
56.956173,0.47173378,31.310848,2.160038,25.872667
75.75287,0.4173938,52.547226,2.5687387,24.893581
33.712223,0.33249274,52.059174,1.5574408,35.757946
55.524456,0.19698992,54.235615,6.6884384,29.30349
66.01467,0.36145806,44.611317,0.2411668,32.225334
79.39745,0.41513765,44.05135,2.396927,37.363243
56.77691,0.40713972,44.389156,5.4104404,33.658516
39.79765,0.35009137,39.061398,5.4791713,45.88946
76.56925,0.484584,59.130836,4.282111,40.38204
43.810383,0.38773984,23.390808,5.562498,35.846127
62.397453,0.37098762,45.47802,0.7178083,29.832716
37.663277,0.33673897,43.53247,3.8984566,25.185154
67.66285,0.37673664,43.936047,5.4389925,48.49709
45.90869,0.31581646,51.02743,2.7545424,30.843023
50.898674,0.27578378,43.084743,1.1685393,39.930466
48.98618,0.32204092,61.78882,1.4615862,42.634766
87.34787,0.3409544,61.88963,6.8336573,45.890285
52.323036,0.38443875,59.898193,4.12551,49.991344
46.999527,0.2915003,52.02121,2.0855565,51.111427
52.19579,0.22781533,49.097313,4.869069,45.04029
52.316025,0.19900607,52.717194,0.8829573,53.963886
69.972916,0.31272203,52.545685,3.6654782,48.297424
61.856846,0.32888556,58.760937,3.440773,53.659943
62.442516,0.27835554,57.55371,4.3639584,53.56579
56.576347,0.40356532,48.517216,2.2679262,53.10681
41.109238,0.4066356,59.770935,4.750691,40.49649
59.534363,0.43400377,54.49337,4.383359,58.097282
52.07661,0.5316413,53.5352,5.2117434,55.035805
40.068295,0.47162518,62.915016,6.606184,60.667168
46.92817,0.44625205,54.232113,5.884095,53.398937
44.350704,0.5205969,68.12456,5.1608877,57.39198
59.735657,0.62063575,44.213715,4.2877812,57.67427
41.846268,0.5840162,60.094685,3.8396618,51.744476
71.84,0.4466646,60.342552,4.9416575,73.10435
65.17925,0.46667838,48.48873,6.781806,55.59338
52.775295,0.5791411,68.895744,3.2382936,61.954807
80.79607,0.48208854,93.945206,3.1342552,59.479683
52.159462,0.4071236,68.1429,2.9517732,61.478134
49.64278,0.4264358,57.65875,3.5658967,70.93984
59.444996,0.3858179,72.553986,5.969508,72.69073
47.35414,0.3503498,75.90656,5.32092,47.164494
70.33264,0.40857792,57.289234,3.1077616,75.404144
63.17807,0.36462954,69.880165,3.6337776,69.506615
47.2096,0.33397532,59.295097,4.277558,71.926094
57.705833,0.29918754,61.470135,6.415498,74.53174
69.71323,0.213304,65.90329,7.969773,71.95787
44.943256,0.25251523,73.70221,1.7814106,80.517044
65.32111,0.28775612,58.21595,2.1664042,73.67586
50.80373,0.24287519,46.796047,10.832228,68.12172
58.438255,0.26291218,76.16006,3.1912632,75.42398
55.25062,0.27203894,66.46666,4.476953,70.975296
50.579693,0.28293562,71.795425,1.7999858,64.31062
29.426487,0.18653738,37.629414,1.7234378,89.22521
76.51856,0.16955157,76.38082,1.1106335,77.60654
56.086624,0.366213,55.99025,3.2831862,69.957695
68.34245,0.3505804,73.71234,3.4300263,75.88052
47.398792,0.38392973,64.705315,4.344409,77.40713
60.98651,0.38745356,73.80155,0.02274692,84.64314
76.287155,0.50731444,72.24044,1.3602751,86.084206
50.448666,0.32859734,66.329666,1.9702425,78.88626
46.8255,0.22978976,54.26106,3.109091,86.6381
19.711647,0.28635544,69.5658,0.308526,67.59784
48.70376,0.23657574,51.72352,2.1465647,88.736015
53.00198,0.24915582,77.56698,1.1731772,71.15357
30.895267,0.14364226,46.553192,2.8605258,96.56039
47.35018,0.22824237,50.2119,3.697205,97.60848
52.55425,0.20138243,32.634026,1.970496,89.211815
53.4516,0.31933087,51.006744,-0.27726084,84.13519
60.12292,0.2567439,55.45926,0.6286396,7.4796743
35.72622,0.13705163,45.642307,5.5443287,-7.280161
73.68755,0.24880454,39.23162,5.9713006,6.114015
61.497257,0.28681707,29.358505,2.3585362,11.27975
80.17851,0.3082464,38.43289,4.982357,20.630875
61.5527,0.34725443,54.36737,0.8761892,10.543939
50.68608,0.14687563,46.073826,2.0837913,11.884872
67.18665,0.2187615,40.835537,1.8190022,3.9614213
70.371635,0.24771419,36.55233,2.4681666,26.748491
61.263256,0.15442675,39.676334,2.432928,28.653337
64.493774,0.24830568,12.18632,1.7668345,12.100759
61.65461,0.17295131,33.060158,1.643528,13.103263
53.91237,0.06088688,45.093082,2.4656327,40.390884
65.1332,0.23509507,13.823243,0.09365916,28.182673
71.06002,0.19621868,32.249237,0.6265104,21.427485
48.673317,0.20533371,25.428173,0.8255352,26.545643
57.00522,0.20652618,23.368942,1.2218382,29.608946
54.072006,0.1940052,34.08066,-0.5346465,26.786722
40.15129,0.19286633,20.159994,1.8902497,37.32596
62.11975,0.23124671,47.02479,0.8029774,36.246216
62.034027,0.113455065,40.611313,1.8453616,31.919775
56.944576,0.15166551,32.875355,1.0325629,21.721407
53.63927,0.18650007,46.012463,0.3206107,25.754951
69.642555,0.4147108,29.159378,1.1418427,24.086023
62.071102,0.215899,20.259031,0.6872088,24.414122
66.429985,0.11630833,47.3963,-0.010930896,24.700304
59.357964,0.20916946,33.12274,1.686996,27.742987
42.349373,0.331278,60.412773,3.5721292,45.093525
58.301613,0.3538551,38.001556,2.3065379,25.43281
54.914993,0.3023377,33.200474,-1.7891433,32.25267
57.264038,0.25687703,5.099649,1.0978613,47.492935
59.97669,0.28106526,47.121136,1.3774538,32.179497
62.69511,0.31868964,34.650047,2.2659035,32.757042
32.311646,0.48236963,36.952477,3.651955,19.650774
53.66271,0.41133693,41.004314,2.9038029,45.75274
64.444214,0.39544433,44.986237,3.5621989,30.238262
72.80533,0.6714667,31.424507,2.8858066,33.161987
63.683727,0.33169562,46.600235,4.8542314,36.262814
77.36379,0.54672724,40.212154,2.3960366,50.497604
68.11218,0.5647232,44.746647,3.9056346,47.961098
70.86086,0.46385384,33.262234,6.440939,39.59065
70.496635,0.45990604,51.58017,4.5127034,45.34325
51.938683,0.39556742,46.078114,2.2110608,29.52717
63.02882,0.45898202,47.01535,2.9812033,46.42603
65.09798,0.44883415,59.76839,4.4073896,60.995026
61.4252,0.47384185,47.306404,0.42615607,46.70481
55.53887,0.3702951,63.190685,4.368063,37.453514
73.26443,0.548226,42.936832,2.9658406,57.701427
60.81142,0.49169698,29.30504,5.7126184,57.480957
79.45138,0.3062317,46.949886,2.8693037,61.658062
63.213642,0.3670559,49.395107,4.4842777,45.918175
61.954918,0.45685175,47.928005,4.6067076,52.900043
60.236477,0.5272806,50.30341,3.2032084,54.776627
65.896,0.4128743,47.891003,4.644081,45.711163
54.783115,0.32326308,39.151367,4.1220455,43.926373
56.56871,0.4122596,43.304684,3.448589,54.4303
63.061066,0.37256825,42.793217,3.5911582,53.563225
46.089325,0.40465277,56.36025,3.7940347,55.853992
46.91086,0.45825177,44.54398,3.2241037,45.99836
62.381382,0.34038275,43.372765,3.4200418,56.07844
68.39655,0.345072,47.815037,2.4810596,62.805935
51.71892,0.3190765,62.680386,2.9224114,63.440575
66.07711,0.29016274,44.122223,4.11475,59.01154
62.605915,0.40386817,51.07727,1.4168859,49.481453
61.655514,0.27541065,63.298096,4.5095835,48.996452
69.51035,0.29854965,56.96275,3.5588386,50.536533
55.22756,0.24175952,51.599102,2.1995416,66.36751
70.55262,0.35157368,51.20096,1.6907376,59.549866
38.959656,0.2868656,60.72005,5.3018055,33.614754
68.37884,0.2372395,56.61139,4.1095333,63.805164
64.94112,0.034685235,63.070633,7.3888965,49.661777
71.21525,0.26535657,68.552864,7.8144326,64.0669
90.453125,0.22076926,43.71031,4.9488797,62.96112
69.04342,0.13013753,65.78357,7.846247,73.66908
85.28997,0.2166223,67.81768,4.556847,71.479996
76.94788,0.2599005,49.975674,4.1878686,62.701294
69.44729,0.2687916,59.287865,4.0044827,68.672676
70.651375,0.16770765,53.98883,3.6816368,82.57114
64.61528,0.3223171,61.090466,4.6532426,77.71173
82.397835,0.15123749,50.248444,4.4675384,84.218285
61.649635,0.39363858,61.655865,4.9221487,79.4778
60.811317,0.2328121,47.983192,1.711467,77.11808
50.222572,0.35613388,64.96928,1.079877,79.1218
77.353096,0.1718235,44.058167,4.3681545,83.88615
58.86153,0.094011724,48.55229,1.3820252,83.466736
46.474754,0.23904991,60.469273,1.7887844,85.43959
56.96984,0.26956406,49.908676,1.531966,65.551094
67.46823,0.15371384,45.018112,2.3050828,81.42177
67.11559,0.24166714,67.764145,3.736807,77.07201
63.823936,0.30338448,42.223717,3.0761535,81.12158
62.384724,0.16756463,47.554268,1.327816,80.43466
55.45171,0.2953557,57.184914,3.5021353,90.04197
56.814346,0.2960158,34.300476,0.685413,92.7869
54.277817,0.2795056,36.63695,1.0119568,90.68797
66.128525,0.20993203,43.54298,3.758984,102.201744
61.653572,0.31475356,50.186428,2.134307,86.03968
47.227295,0.10468967,38.59251,1.0903134,29.780268
23.492044,0.36838546,25.272186,2.20847,-6.53837
47.834225,0.1719302,34.003826,-0.037006438,15.430815
37.53789,0.26665005,30.517855,1.4937999,17.667524
35.15992,0.19798006,15.458602,1.9733204,4.56583
35.565662,0.14713316,28.77232,1.887175,26.45548
33.20672,0.2717158,37.63694,0.3302461,20.060925
44.065258,0.33253822,37.40114,2.1342878,8.443513
24.208723,0.24579634,30.557457,0.7765746,19.859045
51.444103,0.3457473,49.89374,1.0798604,7.414364
48.75118,0.28533277,20.966385,1.0799025,11.718114
47.052795,0.3253207,35.918056,1.8328474,19.601692
36.82945,0.14933859,30.56588,2.0679045,18.052021
47.52982,0.21297784,35.369354,-1.1510056,23.31953
46.177303,0.24032143,22.661324,1.9120252,21.566889
28.576128,0.19968963,37.997044,1.3463737,26.041906
40.693886,0.24230689,14.77443,2.3168578,20.62733
47.183727,0.17424747,37.640854,-0.07944256,12.170093
25.599365,0.14123641,43.51696,1.7194546,25.735302
41.097458,0.13572961,19.679445,3.8918898,48.306004
33.639256,0.28490317,31.359013,1.1417797,31.795507
34.307095,0.22342153,39.84451,2.3626301,30.995785
31.03793,0.1871508,37.68854,-0.028640628,25.246895
32.429203,0.21197324,41.196045,0.954625,26.853998
47.09803,0.43269092,37.282917,-0.5457437,26.972574
47.124348,0.20449905,30.473562,-1.1707494,25.765541
40.78553,0.31820425,29.18067,0.8831214,26.584885
52.702236,0.18198864,33.31639,3.1905322,36.559395
43.391293,0.37785313,34.62952,0.7738817,23.685398
48.694542,0.20430692,25.49392,3.08421,26.168083
42.60459,0.11080895,28.582607,1.5626559,33.451275
52.9257,0.2627142,35.20801,3.4500048,29.011398
74.71904,0.28689966,44.930687,2.187017,30.596464
43.44133,0.26677763,43.215374,3.5483959,30.665367
73.12843,0.3267165,30.711292,5.9024734,20.27659
52.929493,0.45872617,48.49568,4.742605,33.995476
50.75911,0.36975282,46.96925,5.7366343,46.081196
71.7305,0.46011582,37.46302,2.8403413,36.97158
56.113586,0.45786572,34.350063,4.3619366,34.311684
60.12298,0.41179988,35.99495,3.265277,33.116795
62.560818,0.5058335,36.97818,3.114726,36.314674
41.054928,0.45673746,37.444695,1.3395506,37.754448
47.965652,0.5301241,60.274956,5.430851,46.58617
23.274855,0.4436587,47.484047,2.4036648,44.72429
51.7449,0.63599324,50.11971,2.7694538,46.22715
50.589417,0.48940766,49.49772,3.7605634,54.619205
39.16715,0.5857803,63.86537,1.2993147,66.36992
35.67719,0.59695035,58.749695,4.54085,48.79932
66.26089,0.42946234,58.086334,1.5690749,37.27617
69.194916,0.54136527,58.106102,1.8418108,62.833168
60.82868,0.58458376,59.512833,1.8142855,59.039246
40.7498,0.5130583,65.623314,2.8174956,47.083088
57.069153,0.519327,46.94384,2.9665902,55.060413
54.101906,0.5214826,46.396023,3.3716033,51.525173
39.47942,0.4988548,53.81388,2.8021216,40.123356
51.780228,0.4292535,48.44748,1.6724159,47.193527
40.54238,0.39927572,60.623604,1.8138336,59.847015
55.68243,0.45825145,46.715984,3.540988,54.082943
53.554,0.5620356,46.140846,3.1384022,56.73936
40.72896,0.45877317,42.197117,2.7558115,62.57491
49.017887,0.40139583,38.569157,2.2537668,61.40336
51.278767,0.39366025,37.038193,0.9034337,69.70374
51.00591,0.5650522,46.83598,1.6918082,62.202183
60.231003,0.56365085,37.45456,3.7295365,79.27217
63.321304,0.3973289,59.389484,0.67510575,58.773563
61.853855,0.32941487,43.99544,5.121601,59.86073
65.78485,0.58736825,27.567059,6.7624187,55.347668
41.679966,0.38286626,39.712807,0.9868562,65.78292
62.890987,0.42791423,53.53772,2.0137136,58.65707
48.31428,0.38796353,50.482533,1.4823041,59.258038
54.07644,0.30320072,52.19043,3.4508774,59.32342
28.492704,0.42064244,53.459934,6.786923,63.0233
64.2359,0.25721633,44.95487,7.5299067,84.51308
62.606712,0.1407969,50.67547,7.7276597,76.383194
50.886623,0.30224812,52.523163,4.7698936,73.05147
58.340218,0.22851492,68.86373,6.0612493,70.894615
70.36539,0.06614605,59.935047,3.8354614,64.89749
54.615456,0.1319868,70.28303,-0.07897496,81.19764
61.976234,0.20938097,56.854424,6.7742476,77.65832
54.424755,0.16635236,58.98755,3.9529762,74.87514
60.449192,0.23049927,45.036602,3.9286442,78.558556
51.551376,0.24379872,66.95065,3.3930373,83.7429
55.77645,0.43662915,52.036144,2.3854592,82.96855
62.263893,0.26569384,50.96461,1.363627,77.00787
36.62696,0.35030556,49.43559,1.7565796,87.09211
58.012444,0.36556825,31.884586,1.534811,93.85945
41.70682,0.20179133,59.92433,2.8643153,74.99713
45.71324,0.26239067,43.933525,1.85639,89.36252
39.382168,0.29628676,45.892094,5.3155713,87.575745
55.070538,0.32248303,37.661114,2.5033987,86.16277
66.334816,0.33171257,39.08332,5.2734537,78.55173
73.42466,0.19504,33.981445,5.0692267,75.95843
43.43941,0.29331467,51.431908,4.902868,86.74579
67.48371,0.19576973,50.842903,-0.43092012,82.26946
56.866264,0.24499384,49.730007,4.555633,93.95218
44.82668,0.25126573,59.722717,3.8937526,89.40954
28.765865,0.18114074,59.59196,3.4139063,10.145976
38.71443,0.1194447,47.507576,-1.3632069,8.634778
48.279198,0.08922674,54.346207,-0.17543346,13.038915
40.524815,0.059725907,49.562,1.3567855,-2.7277339
55.519077,0.05499148,37.875538,-2.0081224,0.93521166
61.262928,0.09711359,49.32686,1.4306192,16.169222
61.363716,0.21997103,46.91223,0.09226978,31.17761
42.623856,0.24937409,59.48851,1.9900346,12.514793
49.73338,0.2902078,34.940666,2.0654747,14.824353
55.076447,0.32148492,57.727425,1.01601,8.6030035
34.464676,0.23482047,46.7212,2.0618708,13.839451
42.659622,0.28669143,38.58793,1.7153115,26.83107
40.628025,0.16325891,38.53821,0.7521956,29.618792
59.124794,0.2578145,44.40447,2.5362105,13.406373
72.39761,0.34456736,38.018543,0.6527701,20.193216
40.222702,0.29852018,27.460836,0.8679677,18.945642
45.161438,0.31931552,37.983067,-1.0486776,28.46944
57.450268,0.32809016,24.528982,3.104685,13.093206
63.581615,0.24488132,37.564835,0.16384408,11.112173
57.253284,0.278846,40.141197,2.1803687,16.703817
37.0764,0.3210923,33.524254,0.84824055,27.12024
48.035213,0.27835867,36.42838,0.6358485,27.89082
37.472725,0.28782892,37.087738,4.639972,26.980864
42.575504,0.33840138,41.056656,1.2113132,22.377367
62.707314,0.16875786,35.108463,-0.06547719,33.634693
48.54033,0.24528287,45.059875,0.68561643,26.777985
60.860294,0.2773989,38.44321,0.29789194,32.373783
55.46633,0.19253074,47.86495,1.4816259,28.242672
49.71583,0.2433059,43.50875,0.7165316,31.921406
40.802113,0.22309229,37.157326,0.8983916,39.17113
50.3082,0.21505837,50.988995,4.0283275,28.65851
69.97335,0.24684237,61.266083,3.3581967,38.58458
71.05573,0.22137731,63.733215,0.6103648,36.30841
63.00683,0.28420237,67.91621,3.1239111,30.226633
75.36834,0.4182736,63.033173,7.294029,9.538795
52.56665,0.3333682,69.11676,5.980024,42.082905
64.6455,0.39560485,65.79796,6.0393157,27.674519
58.719322,0.35448137,47.747974,3.9798367,48.729706
64.07157,0.25694987,62.778667,1.9501139,39.27842
54.219517,0.31685135,39.33386,3.4107676,39.729755
72.198364,0.35477734,43.072258,1.9333327,59.635586
49.59082,0.37255192,54.070698,4.3260574,46.80446
52.31578,0.37647924,52.659218,2.0605419,48.91123
48.328285,0.32012475,47.99315,4.729325,43.326794
41.617004,0.5880115,55.84552,4.228269,48.057648
29.282785,0.65694577,80.65071,5.3630695,66.843315
47.682884,0.61518484,36.522568,3.5416634,51.852226
35.518536,0.6655869,49.34002,0.99742234,55.501766
72.08931,0.5805252,50.544025,4.2386656,50.013004
45.772797,0.70055526,54.137283,3.0958753,50.58859
46.704754,0.37428635,56.58655,4.9511185,53.864742
51.37179,0.51031977,72.785385,3.2603283,45.957672
42.243332,0.6595721,64.775215,3.4420195,64.66481
58.690918,0.4869707,59.12487,4.0831437,52.37971
58.373276,0.42605942,67.20398,3.5034683,64.905136
46.04324,0.32079747,38.2099,2.9319744,46.69825
62.52898,0.45405626,68.4007,3.4040108,69.20748
44.855507,0.36768344,56.571404,1.8239366,69.712616
56.51389,0.2186525,70.19115,-1.5847975,54.54739
71.937805,0.41906822,67.76733,1.2572443,62.851784
73.867546,0.22743934,60.44671,3.8942778,65.380135
72.33224,0.26151967,53.87942,2.8703964,53.10781
46.633373,0.21884835,57.67217,5.176807,66.90379
40.84058,0.2304555,50.866745,5.7781744,57.895733
73.691376,0.11497417,9.405493,5.445682,63.42001
74.87287,0.28421867,42.58758,2.998235,59.21488
60.664566,0.33278543,67.43122,4.7804036,76.09654
69.902115,0.24504149,44.642254,3.920264,66.22183
54.218166,0.32741287,56.26511,5.8604774,63.531372
69.04429,0.30755678,53.233173,2.8313346,86.22534
42.69908,0.29578093,52.48513,7.4136853,69.14572
57.502075,0.32781902,54.20762,6.060408,63.95478
24.594372,0.2808115,32.981895,5.887276,61.45178
65.247826,0.20799921,39.668,4.8012123,70.43707
54.068886,0.23383076,56.997326,4.535599,72.619446
48.493458,0.30503592,70.21246,5.814182,93.46893
54.06762,0.3277327,54.192802,6.956667,68.744934
50.71882,0.20976266,64.11286,2.1252787,80.99987
56.45089,0.2503004,62.955166,5.20144,71.89989
46.21436,0.4098467,58.322395,6.5355844,75.61709
62.579002,0.13945061,64.840576,2.156824,72.31823
42.322468,0.32168058,79.93088,3.5699017,96.77667
74.74501,0.24281934,78.27306,2.0635793,77.95763
52.429752,0.23850405,70.00946,4.0639505,76.600395
39.41582,0.36337346,68.68752,2.0131767,75.67984
48.549812,0.25911203,58.59586,4.7777066,85.24937
56.299023,0.16403492,75.770905,2.6205285,66.65068
43.864594,0.3170178,60.928394,2.7030869,77.19931
33.92205,0.35258415,63.561226,4.251133,88.6345
60.386772,0.4248504,68.34287,1.95327,82.32321
41.39891,0.26218817,68.87656,1.2709714,78.32598
29.108452,0.18778835,70.33786,0.53117484,76.411545
25.02012,0.2755731,53.985004,2.235251,92.85418
51.934372,0.28979984,45.791035,1.0912988,90.38501
40.4927,0.12798329,47.346054,-0.66639036,92.34544
32.240646,0.1894725,58.396683,0.07724717,94.48867
52.28795,0.38870192,52.050385,1.2561924,11.771035
39.325043,0.49655107,52.739292,2.340142,15.39039
53.834316,0.31265506,66.24472,4.0720453,17.941301
40.484447,0.3702876,44.736507,2.1976402,15.661018
28.801813,0.41250995,52.815666,2.2715373,9.457423
44.40474,0.41170955,45.39704,4.4121633,16.785269
38.375828,0.3266375,51.089554,4.0485663,21.780457
38.090168,0.5183809,56.070396,6.968276,14.654494
40.7025,0.42281157,47.032284,1.5187485,29.87462
42.199112,0.39284778,37.983433,0.95333624,16.269604
63.476196,0.29771543,68.30206,2.529366,28.204453
63.162727,0.41778582,39.514397,1.7036985,10.406995
48.602497,0.21175462,55.09968,2.128315,19.99966
32.26125,0.2841548,42.430992,3.991578,19.940004
30.648333,0.36957046,31.111294,4.7688584,31.65457
50.93497,0.32920802,43.358265,5.5834923,27.09588
37.66006,0.28765383,31.87126,3.347802,16.164053
29.138748,0.21539165,33.505745,4.2217083,26.139143
32.23977,0.34307787,20.3167,3.4044988,22.021177
13.787882,0.37636173,36.61435,3.9664845,35.692554
37.98534,0.28255546,22.558668,1.9495256,41.032272
36.92363,0.3066393,37.22511,3.4646554,33.231808
36.95459,0.24971764,26.946117,1.42735,22.685158
34.734303,0.32423395,31.992065,2.1542237,29.679827
32.955517,0.41418675,42.587708,0.21152705,31.963278
44.535217,0.36136243,65.25366,4.4519844,17.57192
37.3918,0.40000808,51.3117,1.2341117,37.730453
36.942932,0.3507234,53.03668,0.32011673,33.471657
51.96412,0.43165362,55.788055,1.3502164,37.32505
45.58785,0.36806178,65.513,2.1651511,36.19043
61.597004,0.31000763,60.165073,3.1959271,28.552198
64.48635,0.1902623,52.24901,3.9709158,40.798607
60.412598,0.39646482,52.5389,0.08162677,48.39284
24.021957,0.3243443,43.646694,1.7704296,37.360188
54.986595,0.36216488,62.417908,5.320623,21.5498
55.30956,0.36322406,66.45132,5.7863574,34.827785
66.18648,0.40941432,49.20268,5.1959057,40.827446
42.807713,0.27192393,38.980267,3.5304334,39.796253
45.030613,0.36453694,40.275394,4.3623066,36.013435
46.170597,0.332626,40.599113,7.398495,54.087776
57.44255,0.42593274,51.100246,5.7402697,48.364723
47.775303,0.43548357,62.407936,-0.7830772,52.75922
50.594105,0.36443788,48.984848,2.5534344,51.22956
24.9991,0.5379927,54.854946,1.5683354,35.058914
53.98893,0.5203111,66.25787,5.486873,50.590332
36.676334,0.5019737,55.662567,3.1351032,38.662933
44.320667,0.4072609,37.332897,2.922353,32.67413
47.021496,0.5269532,58.06745,4.08021,59.861675
44.54352,0.6116191,47.652374,2.1784964,55.643337
64.60868,0.52225095,44.226753,2.311583,36.69438
52.920647,0.49882093,44.83484,1.5224888,55.19931
37.597923,0.6527195,35.71509,1.4513505,63.16818
39.13724,0.43632835,48.525192,0.737362,43.486973
42.21327,0.49671426,61.317234,5.0056415,43.56115
50.897545,0.56850535,60.572235,-1.728461,45.607563
36.364872,0.52656955,58.022224,3.99149,63.336937
45.982323,0.43490767,18.252542,1.1119437,54.55932
55.24724,0.45920414,62.335976,3.6515696,51.370674
33.16282,0.39619973,44.7899,4.733721,45.97816
42.708458,0.63694704,46.839466,1.8583336,50.62422
41.581104,0.4892213,57.915905,2.680591,63.50621
53.663242,0.54191613,50.700066,4.5290637,46.66759
52.296062,0.81336266,59.955967,4.577372,60.519203
36.282642,0.5556535,81.40731,-1.0023155,55.02856
30.96549,0.53710693,56.18816,3.7610579,60.7258
52.20184,0.6558398,77.7082,2.6445346,62.985954
35.73481,0.5455667,68.473366,1.9640583,80.132034
46.050095,0.5079915,73.93551,1.8187863,74.00582
42.066177,0.48576608,80.12327,3.2238808,68.075165
49.377056,0.4792605,83.80907,3.3487186,69.82269
29.67105,0.37862754,77.944534,6.38815,63.55979
45.75768,0.47019812,65.23314,4.121253,77.130875
52.847633,0.43674633,68.41099,7.1502595,65.34036
50.555664,0.31512216,74.96235,6.657683,62.85495
53.661114,0.37639993,78.70404,6.5749397,70.438354
51.630817,0.42741832,76.50397,5.2483635,79.30299
23.307383,0.43055695,69.22988,6.3977637,70.74704
53.30032,0.38338345,78.321754,2.5579016,81.08129
69.08257,0.44238567,68.73003,2.2486835,70.348854
53.8499,0.2505693,74.003586,3.872341,59.094788
66.6733,0.37493312,63.301834,4.0039372,81.47114
46.716557,0.3157975,59.849403,4.3006344,81.09895
46.373466,0.20989296,76.10518,2.1811428,73.92912
71.29766,0.3714309,68.028885,3.9680476,71.83271
51.372368,0.25583717,58.536114,4.343452,81.9535
56.97155,0.40888536,47.747086,2.4943333,80.617645
36.462204,0.29516548,60.186424,4.24097,73.48825
65.21866,0.25600895,65.70848,2.132163,84.745865
57.09856,0.24684262,71.62147,3.8157258,78.784035
51.411827,0.1839422,53.056526,1.9737759,70.723755
58.239883,0.25793412,46.79349,-1.1954784,88.73381
19.449173,0.22654523,80.7602,-0.6783888,89.68355
64.52396,0.26197883,58.79216,2.1023405,74.993675
41.518223,0.2848645,73.31947,2.1555836,86.580696
37.528942,0.22176346,58.200775,2.135777,94.57676
54.509888,0.03171602,45.806732,1.8532352,89.77401
